id,nom,prenom,CIN,qualite,matricule_adherent
MEC001,Ben Salem,Youssef,B111222,Fils,AD001
MEC002,Ben Salem,Amira,B111333,Fille,AD001
MEC003,Medini,Rania,B222333,Fille,AD002
MEC004,Ben Salah,Nour,B333444,Épouse,AD005
MEC005,Ben Salah,Adam,B333555,Fils,AD005
MEC006,Chaari,Sami,B444555,Fils,AD006
MEC007,Chaari,Leila,B444666,Fille,AD006
MEC008,Ben Hadj,Karim,B555666,Fils,AD008
MEC009,Ben Hadj,Sarah,B555777,Fille,AD008
MEC010,Zouari,Mohamed,B666777,Fils,AD010
MEC011,Mansouri,Ali,C111222,Fils,AD012
MEC012,Mansouri,Fatma,C111333,Fille,AD012
MEC013,Ben Amor,Yassine,C222333,Fils,AD013
MEC014,Ben Amor,Nour,C222444,Fille,AD013
MEC015,Tounsi,Amine,C333444,Fils,AD015
MEC016,Hamdi,Omar,C444555,Fils,AD017
MEC017,Hamdi,Yasmine,C444666,Fille,AD017
MEC018,Guermazi,Mehdi,C555666,Fils,AD019
MEC019,Guermazi,Rym,C555777,Fille,AD019
MEC020,Maalej,Slim,C666777,Fils,AD021
MEC021,Zaafouri,Ahmed,D111222,Fils,AD023
MEC022,Zaafouri,Mariem,D111333,Fille,AD023
MEC023,Ben Jemaa,Kamel,D222333,Fils,AD025
MEC024,Ben Jemaa,Sonia,D222444,Fille,AD025
MEC025,Chebbi,Hassan,D333444,Fils,AD027
MEC026,Kallel,Nabil,D444555,Fils,AD029
MEC027,Kallel,Asma,D444666,Fille,AD029
MEC028,Ben Salem,Sofia,B111444,Fille,AD001
MEC029,Medini,Youssef,B222444,Fils,AD002
MEC030,Ben Salah,Sami,B333666,Fils,AD005
MEC031,Mrad,Selim,E111222,Fils,AD031
MEC032,Mrad,Lina,E111333,Fille,AD031
MEC033,Ben Brahim,Amine,E222333,Fils,AD033
MEC034,Ben Brahim,Malak,E222444,Fille,AD033
MEC035,Jebali,Sami,E333444,Fils,AD035
MEC036,Jebali,Rania,E333555,Fille,AD035
MEC037,Riahi,Yassine,E444555,Fils,AD037
MEC038,Riahi,Sarah,E444666,Fille,AD037
MEC039,Hammami,Karim,E555666,Fils,AD039
MEC040,Hammami,Yasmine,E555777,Fille,AD039
MEC041,Sfar,Omar,F111222,Fils,AD041
MEC042,Sfar,Nour,F111333,Fille,AD041
MEC043,Mezri,Ali,F222333,Fils,AD043
MEC044,Mezri,Leila,F222444,Fille,AD043
MEC045,Ben Mahmoud,Mohamed,F333444,Fils,AD045
MEC046,Ben Mahmoud,Amira,F333555,Fille,AD045
MEC047,Toumi,Slim,F444555,Fils,AD047
MEC048,Toumi,Fatma,F444666,Fille,AD047
MEC049,Khemiri,Youssef,F555666,Fils,AD049
MEC050,Khemiri,Sarra,F555777,Fille,AD049
